"","gemeente","VVD","PVV","CDA","D66","GL","SP","PVDA","CU","PVDD","50PLUS","SGP","DENK","FVD","BIJ1","JA21","VOLT","BBB"
"1","'s-gravenhage",-0.299999999999997,-4.3,-1.3,3,-4.5,-1.8,-1,0,0.5,-1.8,-0.1,0.8,2.4,1,1.7,3.1,0.1
"2","'s-hertogenbosch",0.899999999999999,-2.5,-3,4.4,-4.6,-3.5,-0.0999999999999996,0,0.9,-1.9,0,-0.2,2.8,0.4,1.9,3.1,0.3
"3","aa en hunze",2.8,-1.6,-2.2,2.2,-4.3,-4.1,-0.199999999999999,0.3,0.899999999999999,-2.6,0,0.1,2.4,0.2,1.8,1.7,2.6
"4","aalsmeer",-2.6,-1.6,-1.2,2.9,-2.9,-1.4,-0.2,-0.2,0.5,-2.4,-0.1,0.3,2.4,0.3,3.6,1.7,0.4
"5","aalten",2.8,-1,-5.6,2.1,-3,-6.2,0.5,0.399999999999999,0.3,-1.9,-0.1,-0.2,3.2,0.1,2.1,1,5.2
"6","achtkarspelen",1.1,0.399999999999999,-6.1,1,-2.4,-5,0.199999999999999,-0.9,0.4,-2.4,0.5,0,7.7,0.1,1.6,0.7,2.5
"7","alblasserdam",1.9,-3.1,-3.3,2.4,-2.9,-2.3,0,0,0.4,-1.6,0.599999999999998,0,3.9,0.2,2.7,0.6,0.3
"8","albrandswaard",0.600000000000001,-4.6,-3.7,2.7,-2.7,-1.5,-0.3,0,1,-2.3,0.0999999999999999,0.3,2.3,0.3,5.6,1.8,0.3
"9","alkmaar",-1.5,-1.7,-1.8,4,-6,-2,-0.899999999999999,-0.1,1,-2.1,0,-0.0999999999999999,3.8,0.4,2.4,2.5,1
"10","almelo",2.8,-2.4,-2.8,1.4,-3,-4.1,0.2,-0.0999999999999996,0.5,-2.1,0,-0.8,5,0.2,2.2,1.3,1
"11","almere",1.2,-3.6,-1.8,2.3,-4.3,-2.4,-0.5,-0.3,0.5,-3.2,0.1,0.6,4.2,1.4,2.5,2,0.3
"12","alphen aan den rijn",0.300000000000001,-2,-3.1,2.7,-3.9,-1.6,-0.600000000000001,0,0.6,-1.8,-0.3,0,2.9,0.3,2.9,2,0.7
"13","alphen-chaam",2.3,-1.7,-5.1,2.7,-2.2,-3.8,0.0999999999999996,-0.1,0.8,-2.1,-0.1,-0.1,3.1,0.1,2.7,1.5,2.5
"14","altena",2.3,-2.1,-4.8,1.8,-1.5,-2.7,0,-0.699999999999999,0.5,-1.5,-0.5,0,4.9,0.1,2.3,0.9,0.8
"15","ameland",0.200000000000003,-0.5,-6.5,2.7,-3.1,-1.9,-1.6,0.1,0.9,-2.2,0,0.1,1.6,0.1,3.3,1.8,4.6
"16","amersfoort",-0.800000000000001,-2.1,-2.6,4.5,-4.9,-2.2,-0.5,-0.6,1.1,-1.3,0,0.1,2.1,0.7,1.9,3.4,0.3
"17","amstelveen",-2.5,-1.5,-1.3,3.3,-4.6,-0.7,-0.4,-0.1,0.9,-2.2,-0.1,0.4,1.5,0.8,2.2,3.5,0.1
"18","amsterdam",-2.6,-1.8,-0.5,4,-9.4,-1.5,-0.700000000000001,-0.1,1.1,-1.4,0,-0.7,1.5,3.4,1.2,6,0.1
"19","apeldoorn",1.1,-1.6,-3.6,2.4,-4.1,-2.7,-0.0999999999999996,0.4,0.8,-2.2,0.2,-0.2,3.8,0.3,2.2,1.9,0.9
"20","arnhem",-0.100000000000001,-2.2,-1.9,2.8,-5.4,-3.7,0,-0.1,1.1,-1.5,0.1,0,3.2,1.2,1.6,3.5,0.2
"21","assen",1.7,-1.3,-3.1,3.1,-4.9,-2.8,0.0999999999999996,-0.5,0.5,-1.7,-0.1,0,3.4,0.3,1.9,1.7,0.9
"22","asten",1.9,-1.3,-4,2.7,-2.9,-4.9,-0.2,0,0.5,-2.3,-0.1,0.2,2.9,0.1,2.5,1.8,2.6
"23","baarle-nassau",1.2,-2.2,-5.1,2,-2.8,-3.2,0.6,0.1,0.3,-2.3,-0.1,-0.1,4.1,0.1,3.1,0.9,2.5
"24","baarn",-2.6,-1.4,-2.1,3.2,-2.9,-1.9,-0.2,0,1.1,-1.7,-0.3,-0.2,2.4,0.2,2.7,2.9,0.2
"25","barendrecht",-0.300000000000001,-2.2,-3.8,3.4,-3,-1.3,-0.300000000000001,-0.0999999999999996,0.3,-2.3,-0.2,0,2.6,0.4,4.7,1.4,0.1
"26","barneveld",0.600000000000001,-1.8,-5.1,1.3,-1.1,-1.1,-0.3,-0.399999999999999,0.2,-1.5,0.600000000000001,-0.1,4.5,0.2,2.1,0.8,1.3
"27","beek",3.3,-3.5,-4.2,1.6,-2.4,-4.6,3.4,0.1,1.1,-3.2,-0.1,0.1,3.9,0.1,1.8,1.3,0.6
"28","beekdaelen",3.3,-2.2,-4.5,1.6,-2.7,-5.9,3.9,0.1,0.6,-3.8,0,0,4.6,0.2,1.9,1.4,0.8
"29","beemster",-2.9,-1.1,-3.5,2.4,-3.3,-1,-2.4,0,0.4,-1.8,-0.2,0.2,2.5,0.3,3.8,2.1,4
"30","beesel",3.5,-3.4,-3.9,2.2,-2.5,-5.2,2.4,0.1,0.3,-3.6,-0.1,0.0999999999999999,4,0.1,2.2,1.2,1.1
"31","berg en dal",3.7,-1.9,-2.9,4.5,-4.1,-7,0.600000000000001,0,1.4,-2.2,-0.1,0,2.2,0.3,2.1,2.1,0.9
"32","bergeijk",5.3,-2.2,-5.5,1.9,-1.8,-5.5,0.4,-0.1,0.6,-2.1,-0.1,-0.1,2.5,0.1,2.4,1.8,2
"33","bergen",5.2,-1,-4.5,3.1,-1.8,-11.7,1.7,0,0.6,-2.8,0,0,4,0.1,2.7,1.2,2.1
"34","bergen",5.2,-1,-4.5,3.1,-1.8,-11.7,1.7,0,0.6,-2.8,0,0,4,0.1,2.7,1.2,2.1
"35","bergen op zoom",3.4,-3.8,-2.6,3,-3.8,-3.8,0.8,0.1,0.7,-2.8,0,0.0999999999999996,3.5,0.3,2.5,1.4,0.4
"36","berkelland",0.100000000000001,-0.699999999999999,-4.7,0.5,-3.5,-5.8,0.100000000000001,0,0.5,-1.6,-0.1,0.1,3.1,0.1,2.3,1.4,8
"37","bernheze",5.4,-1.6,-5.8,2.7,-2.4,-5.1,-0.2,0,0.5,-1.5,0,0,2.2,0.1,2.3,1.6,1.3
"38","best",2.5,-1.4,-3.5,3.4,-2.7,-4.8,0.600000000000001,0,0.3,-3,0.1,-0.0999999999999999,2.9,0.2,2.2,2.2,0.4
"39","beuningen",3.6,-2.3,-3.3,3,-3.4,-5.2,0.5,0,0.7,-2.5,0.1,0.1,3.1,0.2,2.8,1.6,0.6
"40","beverwijk",-0.0999999999999979,-2.5,-1.1,2.6,-4.5,-2.6,-0.4,0,0.8,-2.8,0,-0.3,4.6,0.4,3.1,1.7,0.3
"41","bladel",3.1,-0.199999999999999,-5.5,3.6,-2.1,-6.3,0.4,0.1,0.4,-2.7,-0.1,0.1,2.9,0.2,2.3,2,1.4
"42","blaricum",-2.5,-0.700000000000001,-1.5,3.3,-2.7,-0.9,-1.1,0.1,-0.1,-1.9,-0.2,0.1,1.5,0.1,3.2,2.4,0.2
"43","bloemendaal",-7.59999999999999,-0.8,-1.3,5.9,-4,-0.4,-0.8,0.3,0.899999999999999,-1,0,0,0.8,0.3,2,5,0.1
"44","bodegraven-reeuwijk",-1.1,-3.1,-3.4,2.7,-2.7,-0.7,-0.3,0.399999999999999,0.5,-1.7,-0.0999999999999996,0.2,3,0.2,3.1,1.6,1.1
"45","boekel",3.9,-1.9,-5.7,3,-1.5,-6.9,0.1,0.1,0.7,-1.7,-0.1,0.1,3.5,0.2,2.3,1.1,2.7
"46","bonaire",-3.4,0.2,12.7,-13.7,-3.5,-0.5,0.9,1.6,-0.4,-1.1,-0.2,1.4,2.7,1.1,1,1.3,NA
"47","borger-odoorn",1.5,-0.800000000000001,-3.2,2.2,-3.3,-5.7,1,-0.4,0.6,-2.6,0,0,3.8,0.1,2.3,1.1,2.7
"48","borne",2,-0.300000000000001,-2.4,1.3,-3.2,-3.7,-0.2,0,0.3,-1.5,0.1,-0.1,2.5,0.1,1.8,1.4,1.7
"49","borsele",1.3,-1.6,-3.6,1.8,-2.3,-3.2,-0.4,-0.1,0,-2.1,0,0.1,3.5,0.1,2.8,1,2.3
"50","boxmeer",5.3,0.799999999999999,-2.9,4.7,-2.2,-16.6,1.3,0.2,1,-0.8,0,0,2.6,0.1,2.5,1.5,1.8
"51","boxtel",3.7,-1.8,-2.7,3.3,-3.9,-5.3,-0.100000000000001,-0.1,0.9,-2.2,0,0.4,2.7,0.3,1.7,1.9,0.6
"52","breda",-0.699999999999999,-2.8,-2.6,5.3,-4.5,-3.5,0.3,-0.1,0.7,-1.5,0,0,2.9,0.5,2.1,3,0.3
"53","brielle",-0.100000000000001,-3.6,-3.2,2.9,-2.7,-2.6,-0.100000000000001,0.1,0.4,-2.5,-0.1,0.2,3.8,0.2,5.4,1.3,0.6
"54","bronckhorst",0.199999999999999,-0.6,-5.1,1.1,-2.7,-3.9,-0.3,0.3,0.6,-2.1,-0.1,0,1.8,0.2,2.5,1.5,6.3
"55","brummen",2.5,-1.3,-2.8,2.4,-3.7,-4.2,-0.399999999999999,0.4,0.9,-2.4,-0.2,-0.3,2.6,0.2,2.5,1.5,2.1
"56","brunssum",3.8,-4.4,-3.1,1.2,-2.6,-7.9,4.3,0.0999999999999999,0.2,-3.9,-0.1,0,8.5,0.2,1.8,0.8,0.3
"57","bunnik",-0.599999999999998,-1.6,-3.8,5.3,-4.2,-0.9,-1,0.0999999999999996,1.3,-1.1,-0.2,0.2,0.9,0.3,1.7,3,0.7
"58","bunschoten",0.200000000000001,1,-5.8,1.6,-1,-0.8,-0.3,-3.5,0.2,-1.5,0.699999999999999,-0.1,5.3,0.1,2.7,0.6,0.6
"59","buren",0.5,-2.8,-2.7,1.9,-2,-2,-0.5,0.4,0.8,-2.5,-0.5,0.1,3.1,0.2,3,1.2,1.4
"60","capelle aan den ijssel",0.699999999999999,-5.3,-2.7,3.4,-3.6,-2.1,-0.4,0,0.2,-2.7,-0.100000000000001,0.6,3.8,0.7,4.6,1.6,0.1
"61","castricum",-3.5,-0.699999999999999,-1.5,4.8,-4.8,-2.4,-1.3,0.1,1.5,-1.8,-0.1,0.1,2.4,0.3,2.8,2.8,0.8
"62","coevorden",0.599999999999998,-1.1,-3.5,2.2,-3,-4.6,0.200000000000001,0.1,0.8,-2.7,-0.1,0.1,3.6,0.1,2.4,1.1,3.2
"63","cranendonck",2.8,-1.5,-3.7,1.7,-1.7,-5.1,0.7,-0.1,-0.1,-3.3,0,0,3.5,0.2,3.2,1.5,1.4
"64","cuijk",4.1,-1.1,-2.7,3.3,-3.1,-9.4,0.6,0.1,0.7,-1.7,0,-0.3,3.4,0.3,2.3,1.4,1.1
"65","culemborg",0.5,-3.8,-2.1,4,-4.6,-2.2,-0.3,0.1,0.899999999999999,-1.8,-0.2,0,2.5,0.4,2.1,2.7,0.3
"66","dalfsen",2.2,0.100000000000001,-10.9,3,-1.7,-2.4,0,0.299999999999999,0.2,-1.7,-0.1,0,2.5,0.1,2.2,1.1,4.9
"67","dantumadiel",1.4,0.9,-6.7,1.2,-2.6,-5.6,0.600000000000001,0.299999999999999,0.3,-2.3,-0.2,0,7.4,0.1,1.8,0.9,1.9
"68","de bilt",-2.4,-2,-2.2,4.7,-4.4,-1.7,-0.300000000000001,0.1,1.4,-1.3,-0.4,0.3,1.7,0.4,1.9,3.4,0.3
"69","de fryske marren",-1.5,-0.6,-4.4,2.1,-3.8,-3.4,0.5,0.2,0.4,-2.2,-0.2,-0.1,6.1,0.1,2.3,1.1,3.2
"70","de ronde venen",-2,-0.9,-2.1,4.1,-3.1,-0.7,-0.8,-0.3,0,-1.8,-0.4,-0.2,1.8,0.3,2.8,2.2,0.9
"71","de wolden",-3.1,2.5,-4.5,1,-3.1,-2.9,-0.7,0.2,0.6,-2.6,-0.3,0.1,3.4,0.1,2.7,1.1,5.2
"72","delft",-1,-3.2,-1.5,1.1,-5.5,-1.3,-0.6,-0.3,0.9,-1.9,-0.1,0,1.9,0.8,2.2,7.5,0.2
"73","den helder",2.1,-2.8,-2.5,1.6,-3.4,-1.9,-0.3,-0.3,0.3,-3.7,-0.2,0.1,5.4,0.3,2.7,1.3,0.5
"74","deurne",3.2,-2.2,-4.5,2.5,-2.3,-5.6,0.5,0.3,0.5,-2.4,0,0.2,3.1,0.1,2.7,1.3,2.5
"75","deventer",0.399999999999999,-1.8,-4.2,4.3,-4.1,-3.6,-1.6,-0.1,1.1,-2.2,0,-0.4,3.1,0.5,1.5,3.3,3.1
"76","diemen",-1.6,-3.1,-1.3,4.3,-5.8,-2,-1,0,1,-2.8,0.1,0.5,2,2.3,2.3,4.2,0.1
"77","dinkelland",2.2,-1.1,-5.6,-0.4,-1.8,-3.1,-0.5,0.1,0.3,-1.5,-0.1,0,2.1,0,2.3,1.2,5.6
"78","doesburg",1,-1.2,-2.9,3.3,-3.5,-4.4,1,-0.1,0.5,-2.4,-0.1,-0.8,3.9,0.2,1.9,1.7,0.8
"79","doetinchem",1.8,-1.1,-2.9,2.3,-3.9,-4.5,0,0,0.6,-1.7,0,-0.0999999999999999,3.7,0.2,2.1,1.6,1.5
"80","dongen",3.8,-1.8,-3.1,3.4,-3.4,-4.7,0.399999999999999,0,0.5,-2.1,0,-0.1,2.5,0.1,2.2,1.1,1
"81","dordrecht",2.1,-4.3,-2.9,3.6,-4,-2.8,-0.0999999999999996,0.5,0.6,-1.9,0,-0.2,3.6,0.6,2.4,1.8,0.2
"82","drechterland",-2.8,-1.7,-2.1,2.1,-2.9,-1.7,-0.899999999999999,-0.2,0.5,-2.3,0,0.1,3.7,0.1,4.2,1.7,2.1
"83","drimmelen",3.5,-3,-3.4,1.9,-3.2,-4,0.5,0.1,0.3,-2.7,-0.1,0,3.8,0.1,2.4,1.4,1.7
"84","dronten",-1,-1.2,-4.7,2.5,-2.9,-1.9,-0.2,-0.4,0.6,-2.1,-0.2,-0.2,4.2,0.2,3.4,1.4,2.2
"85","druten",4.2,-1.6,-2.3,2,-3.2,-4.3,0.3,0.1,0.1,-2.5,-0.1,-0.5,2.4,0,2.3,1.5,1.2
"86","duiven",2.8,-1.5,-3.4,2.8,-4,-4.1,0.399999999999999,0.4,0.6,-2.7,0,0,2.7,0.2,3.1,1.5,0.7
"87","echt-susteren",4.1,-2.1,-5.2,1.5,-2,-5.9,3.6,0.2,0.3,-3.8,0,0.1,5,0,1.8,1,0.9
"88","edam-volendam",-2.9,2.6,-8.6,1.7,-2.6,-0.4,-0.4,0.1,0.7,-2.1,0,0,2,0.3,6.6,1.6,1
"89","ede",0.399999999999999,-2.1,-4.1,1.8,-2.2,-1.6,-0.4,0.5,0.7,-1.4,-0.299999999999999,0,3.4,0.3,2.1,1.7,0.8
"90","eemnes",-0.699999999999999,-0.9,-3.1,2.5,-2.7,-1.5,-0.899999999999999,-0.0999999999999996,0.9,-2.3,-0.4,0.1,1.8,0.3,3.4,2.4,0.9
"91","eemsdelta",2.6,-1,-3.4,2,-4.5,-3.8,1.9,-0.2,0.6,-2.9,0,0,4.3,0.1,1.5,0.9,2
"92","eersel",3.2,-1.8,-5.1,3.6,-2,-5.8,0.2,0.2,0.5,-2.3,-0.1,0.1,2,0.1,2.1,3.4,1.5
"93","eijsden-margraten",4.8,-2.1,-7.3,2.5,-2.7,-4.2,4.2,0,0.8,-3.4,0,0.1,1.9,0.1,2,1.8,0.7
"94","eindhoven",0.899999999999999,-2.8,-2.3,3.2,-4.4,-4.2,0.0999999999999996,-0.1,0.6,-2.3,0,-0.2,3,0.7,1.6,4.7,0.2
"95","elburg",2,0.399999999999999,-5,0.699999999999999,-1.4,-1.6,0,-0.800000000000001,0.2,-1.7,-0.700000000000001,0.1,3.7,0.1,2.1,0.6,1.2
"96","emmen",3.2,-0.100000000000001,-3.3,1.8,-3.7,-5.7,0.5,0,0.5,-3.1,0,0,4.7,0.2,2,1,1.5
"97","enkhuizen",-1.4,-1.5,-2.1,4.6,-4.9,-2.8,-0.5,0,0.5,-2.5,0,0.1,4.7,0.2,2.5,1.8,0.5
"98","enschede",0.100000000000001,-2.2,-1,0.0999999999999996,-3.5,-4,0.2,-0.4,0.3,-1.5,0,-0.3,5,0.4,1.8,3.9,0.6
"99","epe",1.1,-1.5,-3.7,1.6,-2.4,-2.6,-0.300000000000001,0.8,0.6,-2.5,0,-0.3,3.1,0.1,2.3,1.2,1.9
"100","ermelo",-0.5,-1,-5.3,2.8,-2.5,-1.7,-0.1,0.300000000000001,0.8,-1.6,0.600000000000001,0,3.2,0.2,2.5,1.3,0.8
"101","etten-leur",3.3,-3.2,-4.1,3.3,-3.4,-4,1,0.2,0.3,-2.2,-0.1,-0.3,3.5,0.2,2.6,1.3,0.7
"102","geertruidenberg",4.2,-3.2,-3.3,2,-3.3,-4.9,0.8,0.2,0.4,-2.4,-0.1,0.1,3.9,0.2,2.5,1.1,0.9
"103","geldrop-mierlo",2.8,-2.5,-3.6,3.5,-3.3,-5.3,0.8,0.1,0.6,-2.3,0.1,-0.1,3.7,0.2,2,2.2,0.3
"104","gemert-bakel",2.9,-2.7,-1.4,3.1,-2.6,-7.6,0.4,0.1,0.6,-2.1,-0.1,0,2.7,0.2,2.1,1.4,2.7
"105","gennep",3.4,-0.299999999999999,-1.2,3.1,-2.6,-11.7,1.5,0,0.8,-1.7,0,0,3,0.2,2.1,1.5,1.1
"106","gilze en rijen",3.9,-2.6,-3.5,2.4,-3.4,-4.2,1.2,0.2,0.4,-2.7,-0.1,-0.8,3.3,0.2,2.4,1.5,1
"107","goeree-overflakkee",1.8,-3.2,-2.8,1.4,-1.6,-2.3,0.2,0.6,0.3,-1.9,-1.6,0.1,4.1,0.1,3.2,0.8,0.6
"108","goes",1.8,-2.3,-3.3,3.2,-3.8,-4.8,0.899999999999999,0.4,0.6,-1.8,0,0,3.7,0.3,2.5,1.3,0.8
"109","goirle",3.7,-2.4,-3.9,4.9,-3.8,-5.1,0.3,0,0.9,-2.3,0.1,0,2.8,0.1,2,1.8,0.3
"110","gooise meren",-5.8,-1.2,-0.800000000000001,5.9,-4,-1.2,-1,-0.0999999999999999,0.7,-1.8,-0.1,-0.2,1.7,0.2,2.3,4.3,0.3
"111","gorinchem",1.3,-2.6,-2.8,3.4,-3.9,-2.8,-0.3,-0.2,0.3,-2.1,0.0999999999999996,-0.3,3.6,0.3,2.4,1.9,0.2
"112","gouda",0.399999999999999,-3.4,-2.8,3.3,-4.2,-2,-0.3,0.7,1,-1.6,-0.0999999999999996,0,2.5,0.4,2.5,2.6,0.3
"113","grave",4,-2.1,-3,3,-2.9,-6.6,0,0.3,0.7,-2.4,0,0,3.1,0.3,2.3,1.8,1.2
"114","groningen",-0.6,-1,-1.8,3.6,-7.7,-2.9,0.200000000000001,-0.9,1,-1.2,0.1,0.2,2,1.1,1.5,5.5,0.4
"115","gulpen-wittem",3.7,-3.5,-1.3,1.5,-4.4,-5.7,3.8,0.2,0.9,-3.9,0,0,3.3,0.1,1.7,1.6,1.6
"116","haaksbergen",-0.300000000000001,-0.299999999999999,-2.6,1.5,-2.7,-4,-0.8,0,0.4,-2.1,0,-0.1,2.9,0.2,2.2,1.3,4
"117","haarlem",-1.6,-1.9,-1.5,4.7,-6.4,-1.3,-0.899999999999999,-0.2,0.8,-1.9,0,-0.3,2.1,0.9,1.7,4.9,0.1
"118","haarlemmermeer",-1.5,-2,-1.8,2.9,-3.5,-1.4,-0.6,0,0.3,-2.4,0,0.2,2.9,0.4,3.2,2,0.3
"119","halderberge",4.9,-3.8,-4.1,3,-2.8,-4.5,0.6,0.1,-0.1,-2.6,-0.1,0.2,3.8,0.2,2.6,1.1,0.8
"120","hardenberg",2.4,0.5,-8.7,1.4,-1.8,-3.7,-1.3,-0.6,0.3,-2.1,-0.2,0,4.7,0.1,2.3,1.1,5.1
"121","harderwijk",1.5,-1.9,-5,3.6,-2.8,-1.9,-0.4,0.399999999999999,0.5,-2,-0.1,-0.6,2.9,0.2,2.7,1.5,0.7
"122","hardinxveld-giessendam",1.7,-2.3,-4.4,1.1,-1.3,-2.3,0.3,0.799999999999997,0.3,-1.3,-0.199999999999999,0.1,3.8,0.1,2.2,0.6,0.5
"123","harlingen",1,-0.6,-1.7,2.3,-4.4,-4.3,0.9,-0.2,1,-3.1,0.1,-0.1,4.3,0.2,2.2,1.4,0.8
"124","hattem",-0.100000000000001,-0.6,-4.6,2.4,-2.1,-2.5,0.699999999999999,0.800000000000001,0.8,-1.6,-0.1,0,2.7,0.1,1.8,1.5,0.7
"125","heemskerk",-0.600000000000001,-1.4,-1.5,2.5,-4,-2.9,-0.3,0,1.1,-2.4,-0.1,-0.1,3.7,0.1,2.6,1.9,0.4
"126","heemstede",-4.8,-0.800000000000001,-2.2,5.9,-3.9,-0.6,-0.9,-0.3,0.9,-1.5,-0.1,0.1,0.8,0.2,2.1,4.6,0.1
"127","heerde",1.4,-0.700000000000001,-5.8,1.5,-1.3,-3,-0.3,1.6,0.6,-1.9,-0.4,0.1,3.3,0.1,1.8,1,1.7
"128","heerenveen",-0.399999999999999,-0.4,-3,2.9,-5,-4,-0.0999999999999996,-0.2,1,-2,0,0.2,4.9,0.3,1.8,1.6,1.9
"129","heerhugowaard",-0.5,-1.9,-2,2.4,-3.9,-2.6,-0.600000000000001,0,0.4,-2.1,0.1,-0.1,4.5,0.3,2.7,1.8,0.8
"130","heerlen",2.6,-3.7,-2.2,1.6,-3.1,-8.2,2.9,0,0.7,-2.9,0,0.0999999999999999,7.7,0.3,1.4,1.3,0.2
"131","heeze-leende",1.5,-1.5,-4.6,3.7,-2.4,-4.6,0.0999999999999996,0.2,0.9,-1.8,-0.2,0,2.4,0.1,2.2,2.2,1.4
"132","heiloo",-3.7,-0.899999999999999,-2,4.9,-4.2,-1,-1.4,0.1,1.3,-1.6,-0.1,0.1,1.9,0.3,2.6,2.8,0.5
"133","hellendoorn",3.1,-1.4,-7.1,2.5,-2.8,-3.9,-0.5,0,0.2,-1.7,0,0,3.2,0.1,2.2,1.2,4.2
"134","hellevoetsluis",1.4,-5.2,-2.4,2.2,-3.1,-1.8,-0.3,0,0.2,-3.5,0,0.1,6.1,0.3,4.5,1.2,0.4
"135","helmond",2.9,-4.2,-2.6,2.7,-3,-5.3,0.4,0,0.5,-2.2,0,0.1,5.2,0.2,2,1.8,0.3
"136","hendrik-ido-ambacht",1.6,-3,-3.9,2.2,-2,-1.5,-0.6,0.399999999999999,0.3,-1.9,-0.4,0.1,3.5,0.2,3.5,0.8,0.2
"137","hengelo",1,-1.4,-2.4,1.7,-3.4,-4.9,0.3,-0.1,0.7,-1.4,0.1,-0.2,3.9,0.3,2.3,2.4,0.8
"138","het hogeland",1.5,-0.300000000000001,-3.9,2.7,-4.7,-4.3,0.4,-0.700000000000001,0.9,-1.6,0,0.1,3.3,0.3,1.5,1.4,2.7
"139","heumen",1.3,-1.3,-3.8,3.5,-3.4,-4.4,0.6,0.0999999999999999,1,-1.4,0,0,1.7,0.3,2,2.4,0.8
"140","heusden",3.4,-3.1,-3.5,3.1,-2.9,-3.8,-0.3,0,0.3,-2.1,0,-0.1,3.2,0.1,2.5,1.7,0.8
"141","hillegom",-1.9,-1.4,-2.6,3.5,-3.6,-2.1,-0.5,-0.2,0.9,-2.6,0,0.3,2.7,0.1,3.9,2,0.5
"142","hilvarenbeek",3.7,-1.5,-6,5.3,-2.8,-5.4,-0.2,0,0.6,-1.7,0,0,1.8,0.2,2.4,1.7,1.7
"143","hilversum",-1.6,-1.7,-1,4,-4.5,-1.7,-0.600000000000001,0.0999999999999996,0.9,-2.5,-0.2,-0.2,2.3,0.7,2,3.4,0.2
"144","hoeksche waard",-0.200000000000003,-3.3,-3.2,2.2,-2.5,-1.3,-0.5,0.4,0.5,-2.2,0.100000000000001,0.1,3.5,0.2,4.3,1.1,0.6
"145","hof van twente",-0.600000000000001,-0.6,-3.5,0.799999999999999,-2.7,-3.4,-0.6,0.0999999999999999,0.3,-1.7,0,-0.1,2.9,0.1,2.5,1.3,4.7
"146","hollands kroon",-2.6,-1.8,-1.2,1.2,-3.4,-2.1,-0.5,-0.0999999999999999,0.2,-2.8,-0.1,0.1,4.2,0.2,3.4,1.6,2.9
"147","hoogeveen",1.5,0.899999999999999,-5.8,0.9,-2.8,-5.4,0.3,0.100000000000001,0.3,-2.4,0.1,0,5.6,0.1,2.2,0.8,2
"148","hoorn",0,-2.5,-1.7,4,-5.3,-3,-1,-0.1,0.7,-2.2,0,0,4.2,0.5,2.7,2.2,0.3
"149","horst aan de maas",2.6,-0.800000000000001,-4.6,2.3,-1.8,-6.4,1.2,0,0.7,-2.6,0,0,2.8,0.1,2.4,1.7,2
"150","houten",0.199999999999999,-2.3,-3.4,4.7,-3.3,-1.6,-0.5,0,0.6,-1.6,-0.2,0,1.4,0.4,2.4,2.6,0.3
"151","huizen",-1.8,-0.9,-2.6,3.3,-3.7,-0.9,-0.7,0.300000000000001,0.4,-2.2,-0.3,-0.1,2.5,0.2,2.8,2.2,0.3
"152","hulst",3.9,-4,-1.9,1.9,-2.5,-5.1,0.4,0.3,0.0999999999999996,-3.3,-0.1,0,4.1,0.2,2.8,0.9,2.2
"153","ijsselstein",1.4,-2.7,-3.1,2.5,-3.4,-2,0,0.1,0.5,-1.8,-0.2,0.3,2.4,0.2,3,1.7,0.4
"154","kaag en braassem",-1.4,-2.2,-3.5,2.3,-2.9,-1.1,-0.6,0.2,0.4,-2,-0.1,0.2,2.5,0.4,4.1,1.8,1.5
"155","kampen",1.5,-0.6,-4.8,1.6,-2.4,-3.3,-0.2,0,0.4,-1.7,-0.200000000000001,0,4.7,0.2,2,1.2,1.1
"156","kapelle",1.3,-2.3,-2.5,1.3,-2.6,-3,0.8,0.0999999999999996,0.2,-1.8,0.300000000000001,0,2.6,0.2,2.9,1.1,1.2
"157","katwijk",1.4,-1.9,-6,1.9,-1.8,-1.4,-0.4,0.300000000000001,0.6,-1.8,-1,0.2,4.7,0.2,3.2,1.2,0.3
"158","kerkrade",4.2,-3.5,-2.5,0.5,-2.1,-10,4.1,0.1,0.3,-3.1,0,0.1,8.4,0.3,1.6,0.9,0.2
"159","koggenland",-2.8,-1.3,-1.9,2.5,-3,-1.8,-0.5,0,0.4,-2.4,-0.2,0,3.5,0.2,3,1.4,3
"160","krimpen aan den ijssel",0.199999999999999,-4,-3.1,2.3,-2.2,-1.2,-0.5,0.5,0.4,-1.9,-0.399999999999999,0.4,3.1,0.2,4,1.2,0.2
"161","krimpenerwaard",-0.100000000000001,-3,-3.1,2.4,-2.8,-1.7,-0.3,0.4,0.3,-1.8,-0.4,0.1,3.2,0.2,3.8,1.3,1.3
"162","laarbeek",4.2,-3,-3.9,1.9,-2.1,-6.4,0.5,0.3,0.6,-1.5,0,0.1,3.4,0.1,2.4,1.7,1.2
"163","landerd",5.7,-1.8,-5.2,2.2,-2.2,-5.6,0.2,0.1,0.5,-1.8,0,0.1,2.1,0.1,2.3,1.6,1.6
"164","landgraaf",4.1,-2.9,-3.8,0.700000000000001,-2.5,-6.5,2.9,0,0.5,-3.7,0,0.1,7.6,0.2,1.6,0.9,0.3
"165","landsmeer",-2.7,-0.699999999999999,-1.4,3,-4.3,-3,-0.8,0.1,1.4,-2.3,0,0.1,2.6,0.7,3.2,2.3,0.5
"166","langedijk",-1.8,-1.5,-1.5,2.4,-4.3,-1.8,-0.5,-0.1,0.5,-2.2,-0.1,0,4.4,0.2,2.9,1.8,0.9
"167","lansingerland",-1.5,-3.1,-3.5,4.1,-2.1,-1.1,-0.7,-0.4,0.3,-1.5,-0.1,0.2,2.1,0.4,3.9,1.8,0.5
"168","laren",-7.6,-0.5,-0.0999999999999996,4.9,-2.7,-0.9,-0.2,0.2,1,-1.5,0.1,0.1,1.4,0.1,2.6,3.1,0.2
"169","leeuwarden",0.4,-0.700000000000001,-3,3.2,-5.7,-4.3,0.4,-0.2,0.8,-2.1,0,0.2,4.5,0.6,1.8,2.6,0.8
"170","leiderdorp",-0.300000000000001,-1.8,-2.8,2.5,-3.2,-1.3,-0.5,0.3,0.9,-2,-0.3,0,1.3,0.3,2.8,3,0.2
"171","leidschendam-voorburg",-0.300000000000001,-2.7,-3.5,3.9,-3.2,-0.8,-0.7,-0.1,0.5,-2.1,-0.1,0.0999999999999999,1.7,0.4,2.5,2.9,0.5
"172","lelystad",1.7,-3.2,-2.4,2.2,-4.4,-2.6,0,-0.3,0.4,-3.2,0,0.3,5.6,0.7,2.5,1.4,0.5
"173","leudal",3.1,-1.3,-4.7,0,-1.3,-4.9,2.2,0.1,0.3,-3,0,0,2.7,0.1,2.4,1.3,2.7
"174","leusden",-1.8,-0.7,-3.9,4,-3.9,-1,-0.399999999999999,0.0999999999999996,1,-1.6,-0.2,0,1.5,0.2,2.6,2.8,0.7
"175","lingewaard",3,-1.3,-3.3,3,-3.3,-3.9,0.399999999999999,-0.1,0.5,-2.5,0,0,2.6,0.2,2.2,1.5,0.6
"176","lisse",-1.2,-1,-3.5,3.4,-2.9,-1.2,-0.1,0.3,0.3,-2.6,-0.4,0.1,2.7,0.3,3.4,1.8,0.4
"177","lochem",-2.3,-1.2,-4.1,2.5,-4.6,-2.6,0,0.3,1.1,-1.9,-0.1,-0.4,2.4,0.2,2,2.4,6
"178","loon op zand",3.5,-2.5,-3.5,3.2,-3,-4,0.7,0,0.4,-2.4,0,-0.1,3.1,0.2,2.4,1.2,0.7
"179","lopik",0.800000000000001,-3.8,-4.2,2,-2,-1.4,-0.3,-0.600000000000001,0.3,-1.6,-0.9,0,4.5,0.2,3.4,1.1,2.4
"180","losser",2.5,-0.6,-4,-0.300000000000001,-2.6,-4.2,0.3,-0.1,0.5,-2.5,0,-0.1,4,0.1,2.4,1.2,2.7
"181","maasdriel",4.5,-3.1,-7.4,3.3,-2.1,-2.7,0.1,0,0.3,-2,-0.0999999999999999,0,3.5,0.1,3,1.4,0.8
"182","maasgouw",3.6,-1.7,-4.2,2.6,-2.7,-5.5,2.7,0,0.7,-3.7,0,0.1,3.5,0.1,2.3,1.2,0.9
"183","maassluis",2.2,-5,-3.6,2.6,-2.9,-1.3,-0.100000000000001,0.2,0.2,-2.6,0.1,0.4,3.3,0.2,3.7,1.4,0.2
"184","maastricht",1.9,-2.7,-3.6,2.1,-4.7,-4.7,4.4,0,0.600000000000001,-2.7,0,0,3,0.6,1.6,3.2,0.1
"185","medemblik",-1.6,-1.3,-2.3,2.5,-3.1,-2,-0.800000000000001,0,0.4,-2.7,-0.1,-0.1,4.1,0.2,3.2,1.5,1.5
"186","meerssen",4.8,-3.3,-5.3,2.1,-3.3,-4.7,4.6,0.2,1,-3.4,0.1,0,3.2,0.2,1.7,1.2,0.5
"187","meierijstad",3.9,-1.5,-4.9,3.1,-2.8,-5,0.3,0.1,0.4,-2.1,0,-0.2,3.1,0.2,2.3,1.6,1.1
"188","meppel",0.199999999999999,-0.4,-2.8,2.6,-4.6,-3.7,-0.4,-0.3,1.1,-2.2,0.1,-0.1,3,0.3,3.3,1.7,1.2
"189","middelburg",1.7,-1.9,-2.5,3.6,-5,-4.3,1,-0.4,0.7,-1.6,0,-0.0999999999999999,3.5,0.3,1.9,1.8,0.4
"190","midden-delfland",-1.4,-1.6,-4.6,3.8,-2.7,-0.8,-0.8,-0.2,0.4,-1.5,0,0.2,1.2,0.1,4.1,2.3,0.9
"191","midden-drenthe",-0.100000000000001,-0.699999999999999,-4,1.8,-3.7,-4.4,0.4,-0.0999999999999996,0.6,-2.4,0.1,0.1,3.8,0.1,2.1,1.1,4.7
"192","midden-groningen",2.6,-1.1,-2.4,2.5,-4.3,-5.7,0.9,0,0.3,-2.8,0.1,-0.2,4.3,0.2,1.7,1.1,2
"193","mill en sint hubert",5.8,-1.1,-2.7,2.9,-2.4,-10.1,-0.1,-0.1,0.6,-1.9,-0.1,0,2.4,0.1,2,1.3,3
"194","moerdijk",3.9,-2,-3.5,2.5,-2.7,-4.5,-0.5,-0.3,0,-2.8,-0.1,0.1,4,0.1,3,1.2,1.2
"195","molenlanden",0.5,-1.8,-3.8,1.4,-1.7,-1.8,-0.4,0.5,0.4,-1.3,0,0.1,3.3,0.2,2.6,0.8,0.9
"196","montferland",3.4,-1.8,-5.3,2.1,-2.6,-5,0.4,0.3,0.5,-2.4,-0.1,-0.1,3.7,0.1,2.6,1.1,2.8
"197","montfoort",0.0999999999999979,-2.3,-3.9,2.8,-2.8,-0.9,-0.8,-0.300000000000001,0.2,-1.3,0,0,1.8,0.2,3.2,1.8,2
"198","mook en middelaar",0.100000000000001,-0.9,-2.7,4.8,-3.7,-4.9,0.300000000000001,-0.1,0.8,-1.3,0,0,1.8,0.4,1.7,2.7,0.6
"199","neder-betuwe",1.5,-2.3,-2.5,0.5,-1.5,-2,-0.100000000000001,0.3,0,-1.9,0.699999999999999,-0.2,4,0.1,1.9,0.6,0.7
"200","nederweert",2.5,-3,-5.7,2.4,-1.7,-4.3,1.6,0.2,0.5,-3.3,0,0.1,3.4,0.1,2.9,1.2,2.7
"201","nieuwegein",2.7,-3.9,-2.7,2.4,-3.3,-3.1,0.0999999999999996,0.1,0.8,-2.5,0,0.5,2.8,0.5,2.5,2,0.3
"202","nieuwkoop",0.5,-3.3,-4,2.6,-2.8,-1.6,-0.8,-0.0999999999999996,0.4,-1.9,-0.3,0.3,2.9,0.2,4.1,1.5,2.1
"203","nijkerk",1.5,-2.1,-4.9,2.2,-2.2,-1.5,-0.2,0.200000000000001,0.4,-1.8,-0.7,-0.3,3.6,0.2,2.5,1.1,1.2
"204","nijmegen",-0.100000000000001,-1.9,-1.8,3.8,-6.8,-4.3,0.2,-0.1,1.3,-1.1,0.1,-0.0999999999999999,2,1.4,1.4,5.1,0.2
"205","noardeast-fryslân",0.6,0.0999999999999996,-7,1.5,-3.3,-4.2,-0.0999999999999996,0.0999999999999996,0.5,-2.2,0.1,0.1,6.9,0.1,1.9,0.9,3.4
"206","noord-beveland",1.3,-2.9,-3.7,3,-2.8,-3.3,-0.4,0.7,1.2,-2.2,-0.7,-0.1,3.7,0.2,3.5,1.1,1.7
"207","noordenveld",0,-1.1,-3.2,3.4,-4.4,-2.7,-0.0999999999999996,0.300000000000001,1.1,-2.1,0,0,2.7,0.1,1.9,1.5,2
"208","noordoostpolder",-1.5,-0.5,-3.7,1.6,-2.3,-3.3,-0.0999999999999996,-0.7,0.2,-1.7,0,0.1,5.3,0.1,2.7,1.1,2.7
"209","noordwijk",-1.8,-1,-1.8,3,-3.2,-1.3,-0.6,0.1,0.6,-2.7,0,0,2,0.2,3.9,1.9,0.3
"210","nuenen, gerwen en nederwetten",1,-1.3,-3.3,4.8,-3.2,-4,-0.7,0.0999999999999999,0.6,-1.5,0,0.1,1.9,0.2,1.7,2.9,0.4
"211","nunspeet",0.6,-0.6,-4.3,1.6,-1.2,-1.4,-0.1,-0.199999999999999,0.3,-1.4,-0.800000000000001,0.1,3.4,0.2,2,0.7,1.1
"212","oegstgeest",-3.9,-1.5,-2,4.9,-4,-0.9,-1.2,-0.1,1.1,-1.5,0,0,1.4,0.4,2.3,4.5,0.2
"213","oirschot",3.9,-1.5,-5,2.8,-2.2,-5.1,0,0,0.7,-2,-0.1,0.1,1.9,0.1,2.3,1.9,2.1
"214","oisterwijk",1.3,-1.9,-3.3,5,-3.8,-3.8,0,0,0.9,-2.2,0.2,0,2,0.2,2.3,2,0.8
"215","oldambt",3.3,-2.5,-2.3,1.6,-3.9,-6,1.9,0.2,0.7,-2.8,0,0.1,4.8,0.1,1.6,0.9,1.7
"216","oldebroek",2.1,-0.699999999999999,-5,0.899999999999999,-0.7,-2,-0.2,-0.699999999999999,0.5,-1.6,-0.0999999999999996,0.1,3.5,0.1,1.7,0.7,1.3
"217","oldenzaal",1.9,-0.799999999999999,-1.4,1.1,-3.3,-4.8,0.3,0,0.5,-1.6,0,-0.5,3.3,0.1,2.2,1.9,0.9
"218","olst-wijhe",1.2,-1.2,-5.8,2.1,-3.5,-3.1,-0.5,0.2,0.5,-2.5,-0.2,-0.1,2.5,0.2,1.9,1.7,6.3
"219","ommen",2.4,0.4,-10.9,1.2,-1.7,-2.1,-0.399999999999999,-0.0999999999999996,0.9,-1.7,0.0999999999999999,0.1,3,0.2,1.7,1,5.7
"220","oost gelre",1.1,-0.199999999999999,-5.3,1.3,-3.1,-4.8,-0.5,-0.1,0.4,-2.6,-0.1,-0.1,2.9,0.1,2.9,1.3,6.7
"221","oosterhout",2.4,-3.6,-2.9,3.3,-3.5,-3.7,0.8,0.2,0.5,-2.2,0.2,-0.3,3.4,0.2,2.3,1.8,0.6
"222","ooststellingwerf",1,-0.9,-4.1,1.3,-4.7,-3.6,0,-0.2,0.6,-2.3,0.2,0.1,5.2,0.2,2.1,1.1,3.9
"223","oostzaan",-1.9,-2.4,-1.1,1,-3.3,0.3,-1.2,0,0.4,-3.2,0,0,4,0.4,3.5,1.6,0.7
"224","opmeer",-4.1,-0.5,-1.4,1.2,-3.7,-1.4,-0.9,0.1,0.6,-2.6,-0.1,0.1,4.2,0.2,3.4,1.5,2.8
"225","opsterland",-0.300000000000001,0,-3.6,2.2,-4.6,-4.2,0,-0.3,0.7,-1.8,0.1,0.1,5.2,0.1,2,1.2,3.5
"226","oss",4.1,-2.5,-4.5,2.6,-2.7,-3.5,-0.1,0,0.4,-2.2,0,-0.4,3.6,0.3,2.1,1.5,0.8
"227","oude ijsselstreek",2.7,-1.3,-4.1,1.8,-2.5,-5.3,0.5,0.1,0.5,-2.2,0.1,-0.6,3,0.2,2.2,1,3.8
"228","ouder-amstel",-3,-1.8,-2,4.6,-3.9,-0.8,-1.4,0,0.8,-2.2,-0.3,0.2,1.1,1.2,2.8,3.9,0.6
"229","oudewater",-2.5,-2.8,-2.7,2.7,-3.3,-1.1,-0.0999999999999996,0,-0.4,-1.6,-0.7,0,3,0.1,2.9,1.4,3.5
"230","overbetuwe",2.2,-1.3,-4,2.5,-2.7,-3.5,0.199999999999999,-0.1,0.5,-1.9,-0.4,0.1,2.8,0.2,2.1,1.7,1.2
"231","papendrecht",2.9,-3.5,-3.9,2.7,-3.4,-2.4,0.3,0.7,0.5,-2.2,0.0999999999999996,0.1,3.5,0.2,3,1.1,0.2
"232","peel en maas",2,-1.1,-5.3,2,-1.9,-4.4,1.5,0,0.2,-3.1,-0.1,-0.1,3.3,0.1,2.8,1.2,2.7
"233","pekela",3,-1.6,-2,1.2,-3,-8.8,2.1,0.1,0.6,-2.7,0.4,-0.1,6.1,0.2,1.4,0.6,2.1
"234","pijnacker-nootdorp",-1,-3,-3.3,3,-2.7,-1,-0.5,0,0.5,-1.5,-0.1,0.2,1.9,0.3,3.7,2.4,0.4
"235","purmerend",1.2,-3.3,-1.7,1.8,-4,-2,-0.399999999999999,-0.0999999999999999,0.5,-3.4,0,0.3,4.3,0.7,3.2,1.6,0.3
"236","putten",0.599999999999998,-1.5,-5.3,1.8,-1.3,-1.7,-0.2,-0.0999999999999996,0.4,-1.6,-0.0999999999999996,0,3.9,0.1,2.3,0.8,1.6
"237","raalte",3.3,-0.899999999999999,-8.9,1.6,-2.8,-2.7,-0.2,0.2,0.6,-2.2,0.1,0,2,0.1,2.4,1.2,6.4
"238","reimerswaal",1.2,-2.3,-2.7,0.5,-1.2,-2.9,0.3,-0.4,-0.2,-1.2,1.3,-0.1,3.8,0,2.1,0.6,1
"239","renkum",-1.3,-1.5,-3.2,3.3,-4.1,-2,0.2,0.5,2,-1.7,-0.1,0.1,1.8,0.4,1.9,3.2,0.4
"240","renswoude",0.899999999999999,-1.6,-7.2,1,-0.8,-1.4,-0.2,-1.1,-0.2,-1.8,0.699999999999999,0.1,3.8,0.1,3.1,1.2,3.1
"241","reusel-de mierden",6.4,-2.6,-4.1,1.9,-2.1,-6.5,0.9,0,0.6,-2.6,-0.2,0,2.4,0.1,1.8,1.4,2.1
"242","rheden",0.600000000000001,-1.9,-2.3,2.8,-3.7,-3.4,-0.0999999999999996,0.3,1.1,-1.8,-0.1,0.0999999999999999,2.8,0.2,2,2.4,0.4
"243","rhenen",0.699999999999999,-2.4,-3.2,2.4,-2.5,-1.3,-0.3,0.3,0.7,-1.8,-0.0999999999999996,0,2.7,0.2,2.5,1.4,0.4
"244","ridderkerk",2.4,-4.2,-3.8,1.8,-3,-1.7,0.5,0.5,0.3,-3,0,0.3,3.9,0.4,4.1,0.9,0.2
"245","rijssen-holten",0.800000000000001,-1,-4.6,0.600000000000001,-1.4,-2,-0.2,-0.4,0.3,-1.3,-0.200000000000003,-0.2,3.2,0.1,1.8,0.7,3.8
"246","rijswijk",1.2,-4.7,-3.1,3.2,-3.7,-1.6,-0.600000000000001,0.1,0.600000000000001,-2.6,0,1.3,2.5,0.5,2.7,2.5,0.2
"247","roerdalen",2.8,-2.2,-4,1.9,-2.4,-4.3,3.2,0.3,0.7,-4.4,0,0.2,3.6,0.1,1.8,1.2,1.2
"248","roermond",4.2,-2.8,-3.2,3.1,-3.4,-4.9,1.9,0.1,0.7,-2.8,0,-1.2,2.9,0.2,2.2,1.5,0.4
"249","roosendaal",4.2,-4.6,-3.2,2.6,-5.1,-3.7,1.1,0.2,0.8,-2.3,0,0,3.9,0.1,2.6,1.4,0.6
"250","rotterdam",-0.899999999999999,-5.6,-1.9,3.6,-4.7,-2.5,-0.5,-0.0999999999999996,0.7,-2.3,0,0.5,2.8,1.9,3.3,3.4,0.1
"251","rozendaal",-4.6,-1.4,-1.7,5,-2.4,0.2,-1.1,0.3,0.2,-1.4,-0.2,0,0.2,0.6,1.9,3.8,0.1
"252","rucphen",5.4,-8,-2.6,1.3,-1.4,-3.4,0.5,0,0.7,-2.8,0,0.1,5.2,0.1,2.7,0.7,1
"253","schagen",-4,-1.3,2.3,1.9,-4.4,-1.9,-1,0,0.7,-2.3,0,0,3.6,0.2,2.7,1.6,1.5
"254","scherpenzeel",-0.400000000000002,-1.4,-4.2,1.4,-1.1,-0.6,-0.1,-0.800000000000001,0.4,-1,-0.399999999999999,-0.1,2.9,0,2.7,0.7,1.1
"255","schiedam",1.9,-5.7,-2.4,2.7,-3.5,-3.2,0.2,0,0.5,-2.7,0,0.200000000000001,3.7,0.7,3.5,2,0.2
"256","schiermonnikoog",-3.2,0.399999999999999,-4,6.2,-6.2,-3.2,0.4,-0.5,0.4,-0.2,0.1,0,1.3,1.5,1.3,4.4,1.5
"257","schouwen-duiveland",0.5,-3.1,-2.7,3.1,-2.6,-2.9,-0.100000000000001,0,0.6,-2,-0.200000000000001,0.1,3.1,0.1,3,1,1.7
"258","simpelveld",3.6,-3.9,-3,0.800000000000001,-2.7,-6.8,4.3,0.3,0.9,-3.3,0,0.1,5.4,0.1,1.7,1,1
"259","sint anthonis",4.1,0.5,-6.4,3.1,-2.1,-11.8,0.6,0.1,0.9,-0.6,-0.2,0.1,2.9,0.2,2.2,1.3,4.6
"260","sint eustatius",1.8,-1.6,-45.9,-1.5,-2.2,-1.4,-0.3,-0.1,-0.1,-0.3,0,0.2,0.4,-1,0.2,0.5,NA
"261","sint-michielsgestel",2.8,-2.3,-3.7,4.6,-3.5,-3.8,-0.4,0.1,0.8,-1.9,0,0,2,0.2,2,2.1,0.8
"262","sittard-geleen",3.1,-2.9,-4.3,1.9,-3.3,-5.3,3.2,0,0.4,-3.2,0,-0.1,5.9,0.3,1.8,1.4,0.4
"263","sliedrecht",2.6,-2.9,-4.3,1.6,-2.2,-2.5,-0.100000000000001,0.699999999999999,0.3,-2,-0.199999999999999,-0.2,4.2,0.4,2.6,1.1,0.2
"264","sluis",1,-2.9,-1.7,1.3,-2.3,-4.3,-0.0999999999999996,-0.2,0.5,-2.4,-0.5,0.1,4.8,0.2,2.7,1.2,2.4
"265","smallingerland",1,-0.6,-3.7,2.6,-3.9,-4.7,-0.100000000000001,-0.4,0.5,-1.9,0.5,0.1,6.3,0.2,1.6,1.1,1.3
"266","soest",-2,-2.7,-2.3,4.6,-3.3,-1.4,-0.2,0.1,0.8,-1.8,-0.3,-0.7,2.6,0.3,3,2.3,0.3
"267","someren",4.5,-2.8,-5.9,2.5,-2,-4.6,-0.3,0.1,0.4,-3.2,0,0,2.9,0.1,2.7,1.5,4.1
"268","son en breugel",0.699999999999999,-1.9,-4.4,4.8,-2.9,-2.9,-0.4,0.2,0.6,-2.2,0,0.1,2.5,0.1,2.5,2.3,0.5
"269","stadskanaal",2.6,-0.400000000000002,-3.5,0.899999999999999,-3,-5.8,1,-0.0999999999999996,0.3,-2.7,0.3,0.1,5.8,0.1,1.4,0.7,2
"270","staphorst",-0.6,-0.300000000000001,-5.9,0.6,-1.1,-1,-0.2,-3.1,-0.1,-0.9,0,0,6.6,0,2.9,0.7,2.2
"271","stede broec",0.800000000000001,-2.1,-2.3,2.1,-3.5,-3.3,-0.7,0.0999999999999999,0.1,-3,0,0,4.9,0.2,3.5,1.7,1
"272","steenbergen",4.3,-5.1,-3.2,1.8,-2.4,-3.5,0.7,0.1,0.4,-2.9,-0.2,0.1,4.2,0.1,3.4,0.9,1.1
"273","steenwijkerland",0.200000000000003,-0.0999999999999996,-4.6,1.1,-2.5,-3,-0.5,-0.100000000000001,0.4,-2.4,0.2,-0.1,4.5,0.2,2.5,1.2,2.7
"274","stein",3.1,-3,-4.1,1.6,-3.1,-6.6,5.2,0,0.4,-4,0,0,6.2,0.3,1.9,1.3,0.6
"275","stichtse vecht",-0.899999999999999,-2.2,-2.2,2.8,-3.4,-1.5,-0.3,0,0.4,-2.1,-0.2,0.1,2.5,0.4,2.8,2.6,0.6
"276","súdwest-fryslân",-0.600000000000001,-0.700000000000001,-5.6,2.5,-4.3,-3.6,1.7,0,0.7,-1.9,0,0,5.7,0.2,2.2,1.4,2.5
"277","terneuzen",2.3,-2.7,-2.6,1.2,-3.2,-4.4,1.2,-0.100000000000001,0.3,-2.5,0,-0.3,5.2,0.1,2.5,1,1.5
"278","terschelling",-2.9,-1,-1.9,2.6,-4.3,-1.7,0.800000000000001,-0.5,0.7,-1.9,-0.1,0,2.1,0.3,2.7,2.8,2.1
"279","texel",-3.8,-0.799999999999999,-1.9,2.4,-4.9,-2.2,-0.399999999999999,0,1.2,-2.1,-0.1,0.2,3.6,0.2,3.3,1.9,2.7
"280","teylingen",-2.1,-1.7,-2.3,3.2,-3.4,-1.1,-0.5,0.0999999999999996,0.7,-2,-0.1,0.1,2,0.3,3.3,2.5,0.3
"281","tholen",2,-2.5,-2.7,0.6,-1.5,-3.4,0.1,0.0999999999999996,0.4,-1.8,0.0999999999999979,0.1,4.1,0.1,2.4,0.6,1.4
"282","tiel",2,-3.1,-2.4,1.9,-4.2,-2.2,0.2,0.1,0.5,-2.3,0,0,3.6,0.2,2.6,1.6,0.4
"283","tilburg",1.4,-3.3,-2.7,3.2,-4.9,-3.9,0.399999999999999,0.1,0.8,-1.7,0,0,3.9,0.8,1.9,3.1,0.3
"284","tubbergen",1.4,-1.1,-6.40000000000001,-0.399999999999999,-1.6,-2.8,-0.5,0.1,0.1,-1.6,-0.1,0,2.5,0,2.6,0.9,6.7
"285","twenterand",3.1,-0.5,-5.7,0.300000000000001,-1.6,-4.9,0,-0.800000000000001,0.3,-2,0.2,0.1,4.5,0.1,1.8,0.7,4
"286","tynaarlo",-0.700000000000003,-1,-2.5,5.1,-4.7,-2.7,-0.699999999999999,0.0999999999999996,1.1,-1.8,0,0.2,1.9,0.2,1.7,2.3,1.3
"287","tytsjerksteradiel",0.199999999999999,0.300000000000001,-5.8,2.6,-3.9,-3.6,0.3,0,0.7,-1.9,0.0999999999999999,0,5.7,0.2,1.8,1,2.1
"288","uden",3.5,-2,-4.1,3.5,-2.9,-5.5,-0.1,0.1,0.5,-1.7,0,-0.4,3.2,0.2,2.4,1.7,0.8
"289","uitgeest",-3,-0.5,-1.9,3.4,-4,-2.3,-0.3,0,0.6,-2,0,0,2.4,0.2,3.3,2.1,0.8
"290","uithoorn",-3,-2.1,-1.4,3.2,-3.5,-1.6,-0.800000000000001,-0.2,0.6,-2.8,0,0.4,3.9,0.5,3.5,2.2,0.5
"291","urk",-0.1,2.8,-6.4,0,0,-0.5,0,-3.5,0.1,-0.4,-1.7,0.1,7.8,0.1,0.9,0.2,0.1
"292","utrecht",-2.2,-2.3,-1.5,3.5,-7.3,-1.6,-0.2,-0.3,1,-0.9,0,0,1,1.8,1.4,6.7,0.1
"293","utrechtse heuvelrug",-3.2,-1.7,-3.2,4.9,-3.8,-1.3,-0.3,0.5,2,-1.6,-0.4,0.1,1.4,0.3,2.2,3.2,0.5
"294","vaals",2.3,-3.4,-2.7,2.6,-2.3,-5.8,2.6,0,0.7,-3.9,0.1,0.2,4.3,0.2,1.7,1.4,1
"295","valkenburg aan de geul",3.8,-2.8,-5.1,1.3,-3.1,-4.1,4.2,0,1.1,-3.5,0,0,3.1,0.1,2.1,1.7,0.5
"296","valkenswaard",3.4,-2.5,-3.7,3,-2.7,-4.5,0.8,-0.1,0.5,-2.9,0,0,3.2,0.2,2.3,1.8,0.6
"297","veendam",3.3,-1.3,-2.5,1.2,-4,-6.5,1.7,0,0.4,-2.6,0,-0.3,5.6,0.2,2.1,0.9,1.4
"298","veenendaal",2.7,-2.1,-4.2,1.4,-2.3,-1.9,0,0.200000000000001,0.2,-1.6,-0.4,-0.6,3.2,0.3,2.4,1.2,0.4
"299","veere",-0.300000000000001,0.399999999999999,-3.7,2.3,-2.9,-2.5,0.399999999999999,0,0.6,-1.3,-0.300000000000001,0,2.4,0.1,2.2,1.1,1.3
"300","veldhoven",4.9,-2.9,-4.1,2.6,-2.9,-5.1,0.5,0,0.2,-2.3,0,0.1,3.2,0.2,2.1,2.4,0.3
"301","velsen",-0.199999999999999,-2.3,-2,3.2,-3.7,-1.8,-0.6,-0.2,0.5,-3,0,-0.0999999999999999,3.9,0.3,2.9,2.1,0.3
"302","venlo",2.2,-1.9,-3.2,3,-2.9,-5.3,2.3,0,0.6,-3.1,0.1,0.1,3.6,0.2,2,1.5,0.4
"303","venray",2.6,0,-4.7,3,-2.1,-7.9,1.2,-0.1,0.7,-1.9,-0.1,-0.5,3.4,0.2,1.9,1.7,2.1
"304","vijfheerenlanden",1.8,-2.2,-3.3,2.7,-2.6,-2,-0.300000000000001,0.3,0.2,-1.8,-0.4,-0.4,3.1,0.3,2.3,1.3,0.8
"305","vlaardingen",2,-4.7,-2.9,3,-3.2,-2.1,0,0.1,0.4,-2.8,-0.1,0.3,3.3,0.4,3.5,1.4,0.2
"306","vlieland",-3.3,-1.3,-0.899999999999999,3.7,-5.1,-0.2,-0.6,-0.8,1.5,-2.3,-1,0,2.5,0.6,3.2,3,0.6
"307","vlissingen",2.1,-3.9,-2.5,2.5,-4.4,-4.5,1.3,0,0.2,-2.4,0.1,0.1,5.3,0.4,2.5,1.5,0.6
"308","voerendaal",3.7,-2.2,-5.7,1.6,-2.5,-5.9,3.8,0.3,1.3,-3.3,0,0,3.6,0.2,2.1,1.5,0.7
"309","voorschoten",-2.7,-1.8,-2.1,4.1,-3.3,-1.2,-1.2,0,0.7,-1.2,0,0.1,1.4,0.4,3,3.4,0.2
"310","voorst",0.899999999999999,-0.800000000000001,-5.2,1.8,-2.1,-3.7,-1.1,0.7,0.7,-2.3,-0.0999999999999999,0,1.9,0.1,2.1,1.7,4.9
"311","vught",0,-1.9,-3.1,5.9,-3.9,-3.6,-0.4,0.2,0.8,-1.8,-0.1,0.1,1.9,0.3,1.8,2.7,0.5
"312","waadhoeke",-0.100000000000001,-0.699999999999999,-4,1.6,-4.9,-3.6,1.3,0.2,0.3,-2.3,0,0.1,5.7,0.1,1.8,1.3,3
"313","waalre",-0.600000000000001,-2.4,-3.5,5.4,-2.4,-3.1,-0.300000000000001,-0.1,0.3,-2.2,0,0.1,1.6,0.3,2,3.7,0.2
"314","waalwijk",2.6,-1.7,-3.6,2.9,-2.8,-3.6,0.2,0,0.5,-2.8,0.2,-0.3,3.6,0.1,2.4,1.2,0.5
"315","waddinxveen",1.7,-2.6,-4.3,2.1,-3.1,-1.4,-0.300000000000001,0.100000000000001,0.6,-2.1,-0.100000000000001,0,3.4,0.2,3.3,1.4,0.4
"316","wageningen",-0.899999999999999,-0.9,-1.9,-0.599999999999998,-5.9,-2.3,-0.0999999999999996,-0.7,1.6,-1.1,-0.2,0.2,1.5,1.1,1.4,8,0.3
"317","wassenaar",-4.8,-1,-2.4,5.1,-2.1,-0.6,-0.5,0,0.4,-1.7,-0.2,0.1,0.7,0.2,3.1,2.8,0.4
"318","waterland",-1.2,-1.8,-3.9,4.1,-3.9,-1.9,-1.1,0,0.899999999999999,-2.1,0,0.1,1.9,0.6,3.4,3,1.2
"319","weert",2.7,-3.2,-3.7,1.8,0.2,-5.1,1.5,0,0.4,-3.5,0,-0.3,3.4,0.2,2.6,1.7,0.7
"320","weesp",0.199999999999999,-2.7,-2.4,5.4,-5.5,-1.8,-0.5,0,1.2,-3.1,-0.1,0.7,1.7,0.7,2.2,3.3,0.6
"321","west betuwe",0.699999999999999,-3.1,-3.6,2.4,-2.2,-1.8,-0.4,0.4,0.5,-2,-0.0999999999999996,0,3.4,0.2,2.8,1.5,1.1
"322","west maas en waal",3.1,-1.6,-3,2.3,-2.5,-4.9,-0.3,0.3,0.5,-2.3,0,0.1,2.7,0.1,2.7,1.2,1.5
"323","westerkwartier",0.400000000000002,-0.5,-4.7,2.7,-3.5,-4.1,0.0999999999999996,-0.9,0.6,-1.8,0,0,3.7,0.2,1.8,1.4,4.3
"324","westerveld",-2.1,-0.5,-2.9,3,-3.6,-3.3,-0.799999999999999,0,1.8,-2.7,0,0.1,2.7,0.1,2.6,1.6,3.2
"325","westervoort",3.2,-1.1,-3,2.3,-3.7,-4.7,0.4,-0.1,0.8,-3.1,0,0.1,3.1,0.2,2.3,1.6,0.4
"326","westerwolde",1.8,-1.6,-3.1,1.8,-2.8,-6.6,1,-0.3,0.6,-3,0,0.3,5.6,0.3,1.9,0.9,3.1
"327","westland",-1.3,-2.8,-5.5,2.5,-2.1,-0.6,-0.2,0.1,0.4,-1.7,-0.1,0.1,3.9,0.1,4.5,1.3,0.4
"328","weststellingwerf",0.900000000000002,-0.700000000000001,-3.4,1.7,-4.3,-4.5,0.399999999999999,-0.3,0.8,-2.6,0.1,-0.1,5.1,0.1,2.2,1.2,3.2
"329","westvoorne",-1.5,-3,-3.1,2.9,-2.1,-1,-0.199999999999999,0.3,0.2,-2.5,-0.1,0,3.2,0.1,4.7,1.4,0.7
"330","wierden",1.6,-1.8,-5.2,0.399999999999999,-1.8,-2.8,-0.1,0.0999999999999996,0.2,-1.3,0.1,0,3.1,0.1,2.6,0.7,3.4
"331","wijchen",3,-2.3,-2.8,2.7,-3.2,-4.8,0,0.1,0.6,-2.1,0,0.2,2.7,0.2,2.8,1.8,0.7
"332","wijdemeren",-2.8,-0.4,-2.8,3.5,-2.8,-1.2,-1,0.2,0.6,-2.2,-0.1,0,2.3,0.3,3,2.2,0.8
"333","wijk bij duurstede",0.800000000000001,-2.4,-2.9,3,-4.5,-2.7,-0.100000000000001,-0.1,1,-1.5,0,0.1,3.2,0.2,2.7,2.2,0.7
"334","winterswijk",0.199999999999999,-0.600000000000001,-2.7,2.9,-4.7,-4.5,-0.199999999999999,-0.1,0.4,-2.6,0,-0.1,3,0.1,2.1,1.3,5
"335","woensdrecht",4.6,-4.2,-4.3,2,-2.4,-4.2,0.8,0.1,0.6,-2.6,-0.1,0.1,4.3,0.2,3.3,1.1,0.8
"336","woerden",-0.100000000000001,-1.8,-3.2,3.3,-3.4,-1.6,-1,-0.3,0.5,-0.8,-0.4,0.0999999999999999,1.8,0.3,2.7,2.2,0.8
"337","wormerland",-0.899999999999999,-1.7,-2.2,4.8,-5.2,-2.3,-0.7,0.3,1.4,-2.7,0,0.3,2.3,0.3,2.4,1.9,1.4
"338","woudenberg",0.199999999999999,-2,-3.6,1.6,-1.9,-1.6,-0.3,0.300000000000001,0.6,-1.5,-0.399999999999999,0.1,3.7,0.1,2.1,1.1,0.8
"339","zaanstad",-0.199999999999999,-2.2,-1.7,3.1,-4.6,-2.8,0.5,-0.2,0.600000000000001,-2.7,0,-0.3,3.6,0.9,2.3,1.8,0.4
"340","zaltbommel",0.900000000000002,-1.4,-3.2,2.2,-2.1,-2.3,-0.3,-0.5,0.5,-1.6,-0.4,0.3,2.8,0.2,2.1,1.8,0.5
"341","zandvoort",-1.7,-1.2,-0.9,2.6,-3.2,-1.5,-0.5,0.1,0.2,-3.1,0,0.1,2.9,0.3,3.5,2.2,0.2
"342","zeewolde",-1.6,-1,-3.3,2.1,-2.4,-2.1,-0.1,-1.4,0.2,-1.7,0,0,4.4,0.1,3.8,1.9,1.3
"343","zeist",-1.9,-2.4,-2.2,5.3,-4.1,-1.7,-0.8,-0.0999999999999996,1.1,-1.5,-0.4,0.2,1.7,0.5,1.9,3.5,0.2
"344","zevenaar",3.6,-1.6,-3.4,2.2,-2.9,-4.9,0.3,0.1,0.6,-2.8,0,-0.1,3.3,0.2,2.4,1.3,1
"345","zoetermeer",1.6,-3.3,-3.1,2.6,-3.8,-1.8,-0.5,0.0999999999999996,0.3,-2.6,-0.1,0.5,3.6,0.4,2.9,1.8,0.3
"346","zoeterwoude",0,-1.1,-4.6,3.3,-3.4,-1.3,-1.3,0.4,0.6,-2.5,-0.1,0.1,2.2,0.2,2.4,2.4,2.6
"347","zuidplas",-0.199999999999999,-2.7,-3.4,2.6,-2.7,-1.9,-0.2,0.4,0.5,-1.6,-0.8,0.3,3.1,0.2,3.8,1.6,0.4
"348","zundert",5,-4.3,-4.5,2.6,-2.7,-3.6,0.3,0.1,0.3,-2.1,0,0,3,0.2,2.6,1.2,2.4
"349","zutphen",0.899999999999999,-1.4,-2.3,3.9,-5.4,-4.6,-0.300000000000001,-0.1,1.5,-2,0,-0.1,3.3,0.4,1.7,2.5,1.1
"350","zwartewaterland",1.5,-0.399999999999999,-5,1.1,-1.2,-1.7,-0.2,-0.800000000000001,0.2,-1.2,0.300000000000001,0.1,3.3,0,1.8,0.7,1.4
"351","zwijndrecht",2.8,-3.8,-3.5,2.7,-2.9,-2.5,0.3,0.2,0.0999999999999996,-2.6,-0.3,-0.2,3.6,0.3,3.3,1,0.2
"352","zwolle",0.300000000000001,-1.3,-2.8,3.8,-3.6,-3.2,-0.6,-1.1,0.9,-1.8,0,0.1,2.7,0.6,1.7,2.9,0.5
